{"cameraMode":{"drawMode":0,"name":"Shaded","section":"Shading Mode"},"sceneLighting":true,"audioPlay":false,"sceneViewState":{"m_AlwaysRefresh":false,"showFog":true,"showSkybox":true,"showFlares":true,"showImageEffects":true,"showParticleSystems":true,"showVisualEffectGraphs":true,"m_FxEnabled":true},"in2DMode":false,"pivot":{"x":9.407880783081055,"y":2.7477211952209474,"z":89.13154602050781},"rotation":{"x":0.004883814603090286,"y":-0.7321253418922424,"z":0.6812195777893066,"w":0.005265972577035427},"size":13.066690444946289,"orthographic":true}