{"cameraMode":{"drawMode":0,"name":"Shaded","section":"Shading Mode"},"sceneLighting":true,"audioPlay":false,"sceneViewState":{"m_AlwaysRefresh":false,"showFog":true,"showSkybox":true,"showFlares":true,"showImageEffects":true,"showParticleSystems":true,"showVisualEffectGraphs":true,"m_FxEnabled":true},"in2DMode":false,"pivot":{"x":20.916805267333986,"y":20.60434913635254,"z":86.23711395263672},"rotation":{"x":0.0011124290758743883,"y":-0.9986725449562073,"z":0.04617013782262802,"w":0.023968994617462159},"size":20.415979385375978,"orthographic":true}