{"cameraMode":{"drawMode":0,"name":"Shaded","section":"Shading Mode"},"sceneLighting":true,"audioPlay":false,"sceneViewState":{"m_AlwaysRefresh":false,"showFog":true,"showSkybox":true,"showFlares":true,"showImageEffects":true,"showParticleSystems":true,"showVisualEffectGraphs":true,"m_FxEnabled":true},"in2DMode":false,"pivot":{"x":32.56381607055664,"y":24.051923751831056,"z":18.239728927612306},"rotation":{"x":0.15899302065372468,"y":-0.14399974048137666,"z":0.023460177704691888,"w":0.9765680432319641},"size":30.368873596191408,"orthographic":true}