{"cameraMode":{"drawMode":0,"name":"Shaded","section":"Shading Mode"},"sceneLighting":true,"audioPlay":false,"sceneViewState":{"m_AlwaysRefresh":false,"showFog":true,"showSkybox":true,"showFlares":true,"showImageEffects":true,"showParticleSystems":true,"showVisualEffectGraphs":true,"m_FxEnabled":true},"in2DMode":false,"pivot":{"x":10.212769508361817,"y":17.363880157470704,"z":7.02396297454834},"rotation":{"x":0.22130222618579865,"y":-0.07364503294229508,"z":0.016762131825089456,"w":0.972281813621521},"size":38.538841247558597,"orthographic":true}